6,20161026,88,18,27,19,24,,205,
23,20161026,117,28,20,34,35,
26,20161026,104,26,20,37,21,,217,
14,20161026,113,26,28,23,36,
15,20161026,129,31,33,33,32,,229,
19,20161026,100,20,26,31,23,
4,20161027,108,23,27,30,28,,204,
22,20161027,96,27,26,16,27,
18,20161027,121,21,31,33,30,6,251,
1,20161027,130,33,26,35,21,15
12,20161027,91,23,23,25,20,,200,
28,20161027,109,33,25,28,23,
2,20161027,117,31,27,23,36,,239,
5,20161027,122,33,31,33,25,
27,20161027,103,23,28,18,34,,200,
16,20161027,97,24,27,24,22,
17,20161027,107,30,30,25,22,,209,
7,20161027,102,24,24,29,25,
24,20161027,107,32,24,27,24,,203,
8,20161027,96,24,17,25,30,
9,20161027,98,32,27,16,23,,200,
20,20161027,102,29,21,26,26,
21,20161027,113,30,27,27,29,,207,
25,20161027,94,19,19,29,27,
11,20161027,114,38,33,25,18,,234,
29,20161027,120,38,25,27,30,
3,20161028,99,27,29,24,19,,213,
13,20161028,114,29,28,24,33,
5,20161028,99,20,29,24,26,,204,
0,20161028,105,30,27,22,26,
15,20161028,102,27,26,23,26,,196,
21,20161028,94,29,28,14,23,
10,20161028,114,28,30,24,32,,220,
14,20161028,106,27,22,33,24,
23,20161029,94,28,22,21,23,,185,
28,20161029,91,23,17,27,24,
22,20161029,82,22,9,20,31,,190,
12,20161029,108,24,30,32,22,
1,20161029,94,27,21,31,15,,197,
2,20161029,103,20,32,20,31,
25,20161029,110,40,13,30,19,8,223,
27,20161029,113,25,24,28,25,11
24,20161029,97,21,25,27,24,,188,
4,20161029,91,23,34,20,14,
11,20161029,106,24,28,25,29,,204,
18,20161029,98,24,26,17,31,
29,20161029,89,27,16,22,24,,185,
26,20161029,96,28,20,17,31,
19,20161029,122,32,27,33,30,,236,
7,20161029,114,22,28,31,33,
13,20161030,104,29,24,21,30,,176,
16,20161030,72,24,15,19,14,
5,20161030,104,28,16,27,33,,202,
24,20161030,98,19,22,31,26,
20,20161030,104,19,30,28,27,,215,
6,20161030,111,32,25,25,29,
22,20161030,99,20,25,17,37,,204,
23,20161030,105,33,29,18,25,
2,20161030,108,18,23,32,35,,218,
8,20161030,110,24,22,34,30,
1,20161030,101,20,21,26,34,,219,
0,20161030,118,24,38,30,26,
7,20161030,79,23,22,15,19,,177,
15,20161030,98,28,27,28,15,
14,20161030,115,33,29,19,23,11,228,
17,20161030,113,28,26,34,16,9
9,20161030,103,34,31,12,26,,209,
21,20161030,106,25,29,31,21,
26,20161031,75,22,13,21,19,,163,
10,20161031,88,19,23,27,19,
15,20161031,106,24,28,25,29,,205,
4,20161031,99,19,25,28,27,
8,20161031,83,21,18,26,18,,181,
12,20161031,98,24,26,25,23,
19,20161031,106,22,33,26,25,,206,
25,20161031,100,30,27,21,22,
29,20161031,96,24,22,25,25,,209,
27,20161031,113,30,28,19,36,
18,20161031,92,25,28,17,22,,185,
11,20161031,93,34,29,17,13,
3,20161031,103,22,32,23,23,3,215,
20,20161031,112,27,31,20,22,12
21,20161101,95,15,29,37,14,,201,
13,20161101,106,22,31,26,27,
0,20161101,118,38,27,28,25,,206,
2,20161101,88,20,24,22,22,
17,20161101,102,24,25,35,18,,207,
28,20161101,105,33,29,26,17,
25,20161101,98,24,12,34,28,,214,
10,20161101,116,24,24,34,34,
11,20161102,120,35,24,25,36,,248,
23,20161102,128,29,34,22,43,
29,20161102,108,18,33,28,29,,223,
1,20161102,115,27,35,22,31,
22,20161102,103,24,19,41,19,,204,
16,20161102,101,29,28,30,14,
21,20161102,96,26,24,17,24,5,204,
4,20161102,108,28,26,19,18,17
6,20161102,89,29,26,24,10,,191,
12,20161102,102,32,32,22,16,
8,20161102,117,29,34,21,33,,230,
7,20161102,113,32,22,32,27,
20,20161102,80,16,20,23,21,,196,
9,20161102,116,29,33,35,19,
26,20161102,106,38,16,19,33,,197,
15,20161102,91,28,22,21,20,
19,20161102,127,34,25,41,27,,231,
14,20161102,104,25,28,20,31,
28,20161103,113,27,27,30,29,,216,
3,20161103,103,29,27,19,28,
16,20161103,93,26,27,20,20,,202,
24,20161103,109,26,20,39,24,
12,20161103,101,30,25,26,20,,210,
2,20161103,109,38,33,21,17,
11,20161103,118,33,35,32,18,,217,
6,20161103,99,25,26,27,21,
29,20161103,123,28,23,39,33,,239,
13,20161103,116,37,23,34,22,
7,20161103,83,13,35,11,16,8,172,
20,20161103,89,21,20,25,9,14
0,20161103,100,25,27,18,30,,207,
5,20161103,107,36,19,26,26,
18,20161103,81,14,19,26,22,,178,
26,20161103,97,15,26,25,31,
14,20161103,115,28,25,20,30,12,233,
25,20161103,118,28,29,19,27,15
27,20161103,85,23,26,16,20,,168,
10,20161103,83,24,17,25,17,
21,20161104,94,29,21,28,16,,196,
22,20161104,102,23,33,28,18,
1,20161104,107,30,27,22,28,,232,
8,20161104,125,29,34,27,35,
5,20161104,122,25,26,32,39,,250,
23,20161104,128,36,32,32,28,
17,20161104,102,25,30,33,14,,201,
9,20161104,99,37,24,14,24,
27,20161104,96,32,11,27,26,,218,
19,20161104,122,31,37,30,24,
13,20161105,92,19,16,28,29,,187,
3,20161105,95,19,29,23,24,
4,20161105,87,27,19,26,15,,183,
28,20161105,96,25,27,23,21,
24,20161105,99,23,20,30,26,,194,
2,20161105,95,23,27,20,25,
6,20161105,117,32,24,28,33,,221,
0,20161105,104,23,34,24,23,
25,20161105,112,30,28,23,21,10,223,
7,20161105,111,29,32,18,23,9
10,20161105,99,23,30,23,23,,187,
20,20161105,88,20,15,22,31,
14,20161105,105,26,29,24,26,,200,
18,20161105,95,26,26,24,19,
15,20161105,100,27,26,29,18,,186,
26,20161105,86,17,24,25,20,
19,20161105,97,15,34,33,15,,214,
29,20161105,117,24,41,28,24,
9,20161106,92,25,28,19,20,,204,
27,20161106,112,32,27,31,22,
23,20161106,102,34,23,25,20,,203,
16,20161106,101,19,27,34,21,
17,20161106,86,12,32,23,19,,189,
12,20161106,103,29,22,26,26,
0,20161106,94,15,28,21,30,,205,
1,20161106,111,31,31,26,23,
3,20161106,86,24,26,20,16,,174,
22,20161106,88,20,20,21,27,
11,20161106,97,30,29,25,13,,209,
13,20161106,112,30,35,28,19,
21,20161106,91,24,24,15,28,,208,
8,20161106,117,34,27,29,27,
10,20161106,116,39,34,16,27,,208,
15,20161106,92,24,31,17,20,
26,20161107,114,20,29,29,36,,223,
6,20161107,109,30,24,26,29,
14,20161107,100,25,22,29,24,,194,
20,20161107,94,22,29,26,17,
21,20161107,96,20,24,24,28,,187,
28,20161107,91,23,27,16,25,
8,20161107,75,27,12,17,18,1,161,
18,20161107,86,19,28,12,15,12
17,20161107,123,42,35,26,20,,230,
5,20161107,107,23,29,31,24,
25,20161107,108,15,28,33,32,,227,
29,20161107,119,23,31,29,36,
1,20161108,100,34,21,23,22,,222,
24,20161108,122,43,32,24,23,
26,20161108,109,30,22,25,32,,193,
16,20161108,84,24,19,18,23,
11,20161108,114,23,33,28,30,,220,
3,20161108,106,30,17,36,23,
4,20161108,85,28,19,14,24,,182,
27,20161108,97,39,16,28,14,
22,20161108,80,24,28,11,17,,192,
0,20161108,112,37,24,27,24,
7,20161108,106,24,25,29,28,,222,
19,20161108,116,28,35,21,32,
12,20161108,82,15,17,21,29,,196,
10,20161108,114,33,29,29,23,
13,20161109,110,20,33,31,26,,216,
23,20161109,106,20,22,37,27,
9,20161109,110,33,32,19,26,,229,
2,20161109,119,33,33,22,31,
17,20161109,107,26,30,20,31,,215,
20,20161109,108,26,30,23,29,
25,20161109,121,25,30,27,39,,245,
14,20161109,124,42,21,26,35,
7,20161109,94,26,20,24,24,,196,
21,20161109,102,33,20,23,26,
18,20161109,109,25,33,25,26,,206,
29,20161109,97,27,27,23,20,
2,20161110,96,29,26,16,25,,206,
6,20161110,110,19,31,22,38,
5,20161110,93,8,35,26,24,,211,
3,20161110,118,34,24,31,29,
16,20161110,115,26,34,24,25,6,237,
1,20161110,122,31,23,30,25,13
9,20161110,123,39,35,23,26,,230,
22,20161110,107,17,30,30,30,
26,20161110,98,32,26,20,20,,202,
24,20161110,104,24,27,25,28,
0,20161110,107,27,34,27,19,,222,
13,20161110,115,35,33,26,21,
28,20161110,112,20,42,26,24,,214,
27,20161110,102,27,28,20,27,
12,20161110,100,28,23,25,24,,207,
25,20161110,107,19,35,27,26,
11,20161110,101,33,30,22,16,,200,
15,20161110,99,24,36,20,19,
14,20161110,80,16,16,18,30,,191,
10,20161110,111,36,25,32,18,
18,20161110,95,15,21,32,27,,211,
19,20161110,116,34,33,17,32,
7,20161111,112,26,35,27,24,,218,
8,20161111,106,27,27,27,25,
0,20161111,98,23,30,17,28,,193,
4,20161111,95,22,31,17,25,
19,20161111,125,38,27,34,26,,226,
17,20161111,101,19,32,24,26,
29,20161111,101,16,29,25,31,,192,
21,20161111,91,30,25,18,18,
28,20161112,113,28,30,21,34,,224,
24,20161112,111,27,17,38,29,
26,20161112,87,23,19,18,27,,161,
22,20161112,74,17,21,26,10,
23,20161112,105,26,32,26,21,,199,
3,20161112,94,31,25,19,19,
1,20161112,105,27,25,20,28,5,214,
16,20161112,109,21,30,25,24,9
6,20161112,87,27,24,22,14,,202,
5,20161112,115,31,30,25,29,
10,20161112,110,16,34,32,28,,218,
27,20161112,108,24,26,24,34,
12,20161112,86,26,26,15,19,,182,
15,20161112,96,28,21,26,21,
21,20161112,120,31,26,26,23,14,242,
14,20161112,122,35,27,22,22,16
29,20161113,126,30,25,29,42,,225,
7,20161113,99,26,30,15,28,
5,20161113,105,24,24,31,26,,204,
1,20161113,99,31,14,31,23,
6,20161113,107,28,28,29,22,,225,
28,20161113,118,24,29,34,31,
16,20161113,96,27,21,30,18,,213,
13,20161113,117,23,36,28,30,
3,20161113,95,27,29,14,25,,201,
0,20161113,106,28,25,28,25,
15,20161113,106,26,23,33,24,,206,
11,20161113,100,22,18,30,30,
10,20161113,119,34,26,28,31,,224,
9,20161113,105,21,30,22,32,
26,20161113,102,23,29,24,26,,193,
4,20161113,91,21,26,12,32,
20,20161113,96,19,20,31,26,,202,
8,20161113,106,24,20,31,31,
12,20161113,106,36,21,23,26,,201,
17,20161113,95,21,28,22,24,
2,20161113,122,23,35,32,32,,226,
25,20161113,104,21,24,38,21,
24,20161114,93,22,32,18,21,,193,
23,20161114,100,32,20,19,29,
29,20161114,99,27,19,26,27,,224,
9,20161114,125,36,33,18,38,
22,20161114,119,27,30,25,37,,236,
27,20161114,117,13,34,37,33,
25,20161114,120,32,27,33,28,,253,
19,20161114,133,28,34,37,34,
17,20161114,105,28,29,15,33,,217,
14,20161114,112,20,30,36,26,
22,20161115,69,19,18,20,12,,157,
1,20161115,88,16,25,30,17,
27,20161115,88,25,22,21,20,,192,
12,20161115,104,28,31,19,26,
18,20161115,77,23,16,12,26,,170,
6,20161115,93,15,21,31,26,
16,20161115,88,26,26,16,20,,203,
11,20161115,115,38,27,28,22,
5,20161115,105,26,25,23,31,,211,
7,20161115,106,27,29,28,22,
4,20161115,90,19,21,20,30,,184,
15,20161115,94,25,30,16,23,
20,20161115,102,33,23,17,29,,198,
26,20161115,96,25,23,22,26,
2,20161115,95,14,33,18,30,,222,
10,20161115,127,39,32,28,28,
28,20161116,117,25,32,27,33,,238,
23,20161116,121,30,31,30,30,
13,20161116,93,22,27,23,21,,183,
4,20161116,90,25,18,24,23,
24,20161116,115,31,15,36,33,,223,
9,20161116,108,30,28,17,33,
0,20161116,113,35,21,27,30,,201,
14,20161116,88,14,23,26,25,
2,20161116,118,29,22,34,33,,243,
29,20161116,125,27,29,37,32,
7,20161117,82,19,21,23,19,,171,
22,20161117,89,21,31,13,24,
3,20161117,102,15,33,28,26,,211,
16,20161117,109,29,30,29,21,
23,20161117,93,19,26,23,25,,196,
1,20161117,103,30,20,30,23,
18,20161117,83,17,14,23,29,,173,
5,20161117,90,29,10,18,33,
12,20161117,102,27,22,25,28,,207,
6,20161117,105,29,25,27,24,
8,20161117,100,26,9,35,30,,207,
13,20161117,107,21,31,32,23,
19,20161117,127,34,32,29,32,,248,
28,20161117,121,38,15,33,35,
11,20161117,103,32,31,27,13,,208,
27,20161117,105,38,27,20,20,
25,20161117,104,17,26,33,28,,224,
17,20161117,120,28,33,28,31,
20,20161117,111,26,35,22,28,,218,
10,20161117,107,28,18,30,31,
15,20161117,110,27,30,27,26,,215,
21,20161117,105,22,24,25,34,
6,20161118,112,18,24,23,47,,231,
3,20161118,119,24,28,35,32,
8,20161118,73,27,21,14,11,,169,
4,20161118,96,21,27,19,29,
16,20161118,86,18,15,25,28,,196,
9,20161118,110,27,34,24,25,
14,20161118,109,29,33,21,26,,235,
11,20161118,126,41,21,38,26,
0,20161118,85,25,16,25,19,,162,
26,20161118,77,26,17,15,19,
25,20161119,116,27,30,32,27,,212,
1,20161119,96,18,31,33,14,
13,20161119,96,28,17,35,16,,196,
24,20161119,100,29,19,27,25,
12,20161119,81,19,20,17,25,,185,
23,20161119,104,30,26,26,22,
2,20161119,105,40,21,21,23,,229,
27,20161119,124,34,30,32,28,
14,20161119,101,28,23,24,26,,214,
7,20161119,113,31,33,24,25,
19,20161119,104,29,26,31,18,,192,
5,20161119,88,27,21,9,31,
20,20161119,80,19,17,20,24,,144,
18,20161119,64,19,10,12,23,
28,20161119,113,29,23,25,25,11,224,
17,20161119,111,19,38,25,20,9
10,20161119,121,40,33,31,17,,236,
21,20161119,115,24,30,31,30,
15,20161119,116,26,26,39,25,,223,
29,20161119,107,16,36,24,31,
26,20161120,102,22,22,26,32,,213,
11,20161120,111,28,27,26,30,
4,20161120,114,33,27,31,23,,225,
3,20161120,111,35,24,23,29,
24,20161120,116,23,23,39,23,8,237,
7,20161120,121,21,26,27,34,13
18,20161120,87,16,29,24,18,,182,
22,20161120,95,17,27,22,29,
5,20161120,94,30,20,21,23,,186,
12,20161120,92,23,24,26,19,
25,20161120,105,19,29,27,30,,225,
16,20161120,120,32,26,34,28,
9,20161120,71,16,23,13,19,,164,
20,20161120,93,18,25,22,28,
19,20161120,124,28,41,34,21,,245,
8,20161120,121,37,29,26,29,
0,20161120,95,33,19,25,18,,197,
10,20161120,102,23,24,25,30,
13,20161121,94,20,21,25,28,,198,
6,20161121,104,24,22,29,29,
14,20161121,129,32,38,29,30,,238,
2,20161121,109,29,35,20,25,
1,20161121,115,30,28,21,24,12,226,
27,20161121,111,21,33,16,33,8
28,20161121,99,28,35,18,18,,201,
21,20161121,102,36,22,28,16,
26,20161121,91,14,27,22,28,,196,
17,20161121,105,24,29,23,29,
0,20161121,118,30,32,28,28,,228,
29,20161121,110,30,31,24,25,
4,20161122,94,30,15,31,18,,195,
16,20161122,101,24,22,32,23,
20,20161122,105,32,37,15,21,,195,
24,20161122,90,22,23,26,19,
19,20161122,120,34,27,39,20,,203,
1,20161122,83,21,21,29,12,
25,20161122,101,20,26,34,21,,207,
3,20161122,106,26,24,25,31,
11,20161122,99,18,33,28,20,,195,
12,20161122,96,25,21,29,21,
5,20161122,99,23,19,26,31,,192,
9,20161122,93,21,31,29,12,
22,20161122,89,27,17,30,15,,182,
8,20161122,93,20,29,20,24,
18,20161122,91,28,21,24,18,,187,
15,20161122,96,24,24,25,23,
28,20161122,115,19,26,34,36,,238,
10,20161122,123,23,31,34,35,
14,20161123,103,33,25,23,22,,210,
6,20161123,107,28,32,21,26,
7,20161123,112,34,32,29,17,,206,
13,20161123,94,14,30,27,23,
0,20161123,107,31,29,28,19,,217,
17,20161123,110,19,41,31,19,
27,20161123,109,16,32,26,35,,220,
29,20161123,111,29,20,31,31,
25,20161124,92,24,22,22,24,,179,
22,20161124,87,22,22,22,21,
13,20161124,96,31,18,25,22,,181,
1,20161124,85,24,20,22,19,
14,20161124,125,31,29,32,33,,262,
23,20161124,137,46,35,31,25,
20,20161124,104,20,23,20,23,18,203,
16,20161124,99,26,25,20,15,13
15,20161124,119,30,29,25,35,,233,
24,20161124,114,28,32,24,30,
4,20161124,84,16,26,22,20,,191,
12,20161124,107,28,28,30,21,
5,20161124,111,30,21,28,32,,203,
2,20161124,92,16,33,17,26,
28,20161124,115,24,30,36,25,,217,
11,20161124,102,20,19,35,28,
10,20161124,124,32,36,25,31,,228,
18,20161124,104,26,19,25,34,
17,20161124,83,27,20,14,22,,191,
26,20161124,108,36,17,31,24,
9,20161124,96,26,24,18,28,,213,
7,20161124,117,31,22,36,28,
29,20161124,106,26,23,29,28,,255,
19,20161124,149,41,39,26,43,
27,20161124,101,27,21,27,26,,217,
21,20161124,116,27,24,36,29,
15,20161126,109,22,24,29,34,,212,
5,20161126,103,32,16,26,29,
3,20161126,94,26,22,24,22,,185,
22,20161126,91,14,24,30,23,
18,20161126,90,16,22,17,35,,218,
23,20161126,128,36,36,24,32,
24,20161126,111,28,28,18,30,7,224,
6,20161126,113,30,22,27,25,9
10,20161126,97,23,25,32,17,,205,
12,20161126,108,35,22,25,26,
0,20161126,105,23,34,33,15,,194,
16,20161126,89,19,28,17,25,
13,20161126,68,23,11,14,20,,163,
26,20161126,95,24,24,13,34,
4,20161126,90,28,17,26,19,,171,
20,20161126,81,19,20,18,24,
2,20161126,97,23,20,22,32,,215,
1,20161126,118,28,30,34,26,
28,20161126,105,27,20,26,32,,204,
8,20161126,99,24,18,25,32,
27,20161126,132,31,31,22,38,10,261,
17,20161126,129,30,33,26,33,7
9,20161126,98,29,18,20,31,,183,
25,20161126,85,27,25,23,10,
7,20161126,104,34,23,26,21,,223,
14,20161126,119,32,34,34,19,
19,20161126,109,30,23,27,29,,194,
29,20161126,85,20,23,21,21,
11,20161126,117,38,30,22,27,,221,
21,20161126,104,19,31,24,30,
15,20161127,112,23,31,36,22,,212,
3,20161127,100,22,22,32,24,
6,20161127,102,22,25,24,31,,209,
24,20161127,107,38,20,17,32,
20,20161127,110,24,27,31,28,,217,
4,20161127,107,31,18,33,25,
12,20161127,88,19,27,22,20,,194,
27,20161127,106,29,27,21,29,
9,20161127,102,33,15,25,29,,217,
19,20161127,115,30,26,34,25,
23,20161128,112,24,28,25,35,,220,
16,20161128,108,30,28,23,27,
17,20161128,120,29,34,23,34,,234,
25,20161128,114,28,15,36,35,
8,20161128,104,36,22,21,25,,200,
22,20161128,96,29,23,20,24,
10,20161128,70,20,20,18,12,,161,
1,20161128,91,23,27,26,15,
21,20161128,122,31,27,34,30,,227,
2,20161128,105,35,24,18,28,
7,20161128,81,20,22,18,21,,172,
18,20161128,91,26,18,16,31,
11,20161128,130,35,30,31,34,,244,
14,20161128,114,35,27,31,21,
13,20161128,94,32,16,29,17,,203,
29,20161128,109,21,35,28,25,
21,20161129,95,19,34,19,20,3,196,
3,20161129,101,25,25,24,18,9
16,20161129,95,26,23,22,24,,217,
28,20161129,122,33,27,31,31,
5,20161129,112,21,27,35,29,,216,
4,20161129,104,19,12,42,31,
27,20161129,112,24,34,30,24,,215,
6,20161129,103,29,26,26,22,
26,20161129,112,22,28,24,38,,215,
9,20161129,103,27,18,24,34,
24,20161129,104,25,31,25,23,,189,
20,20161129,85,25,14,21,25,
13,20161129,100,27,26,28,19,,205,
19,20161129,105,29,21,30,25,
12,20161130,112,33,24,27,28,,201,
24,20161130,89,25,29,20,15,
10,20161130,122,28,37,21,21,15,249,
2,20161130,127,24,29,20,34,20
29,20161130,88,22,19,22,25,,193,
7,20161130,105,33,32,24,16,
23,20161130,101,32,22,20,27,,219,
8,20161130,118,30,28,34,26,
22,20161130,95,16,29,30,20,,178,
15,20161130,83,20,23,21,19,
11,20161130,101,29,21,23,28,,221,
26,20161130,120,38,24,23,35,
21,20161201,,,,,,,,
16,20161201,,,,,,
20,20161201,105,28,29,25,23,,225,
28,20161201,120,25,30,34,31,
12,20161201,121,31,28,33,29,,235,
5,20161201,114,28,25,31,30,
3,20161201,115,19,34,31,21,10,241,
27,20161201,126,32,28,24,21,21
29,20161201,96,17,30,23,26,,186,
0,20161201,90,28,19,26,17,
6,20161201,106,28,30,23,25,,210,
9,20161201,104,31,18,25,30,
15,20161201,94,21,22,18,33,,181,
18,20161201,87,17,23,26,21,
13,20161201,107,27,21,27,32,,216,
25,20161201,109,36,14,27,32,
4,20161201,106,28,24,23,31,,204,
17,20161201,98,30,17,33,18,
1,20161201,109,23,35,25,26,,240,
14,20161201,131,31,42,36,22,
18,20161202,87,14,27,19,27,,184,
24,20161202,97,23,21,24,29,
8,20161202,111,27,25,38,21,,204,
2,20161202,93,26,25,27,15,
10,20161202,113,24,34,27,28,,207,
23,20161202,94,28,22,15,29,
22,20161202,94,28,21,19,26,,189,
20,20161202,95,30,20,15,30,
4,20161202,111,26,26,31,28,,221,
26,20161202,110,27,21,29,33,
11,20161202,132,32,32,22,27,19,259,
19,20161202,127,30,29,23,31,14
22,20161203,105,21,29,32,23,,193,
16,20161203,88,14,28,19,27,
21,20161203,92,29,17,26,20,,189,
5,20161203,97,29,18,22,28,
29,20161203,80,22,26,14,18,,193,
28,20161203,113,28,41,15,29,
9,20161203,114,21,31,36,26,,232,
6,20161203,118,30,32,36,20,
12,20161203,121,27,31,32,31,,206,
13,20161203,85,24,15,18,28,
23,20161203,105,33,27,20,25,,216,
0,20161203,111,30,29,29,23,
10,20161203,114,25,35,29,25,,210,
7,20161203,96,30,27,19,20,
3,20161203,105,28,32,14,31,,212,
15,20161203,107,24,33,23,27,
11,20161203,128,42,31,26,29,,238,
17,20161203,110,33,30,21,26,
2,20161204,103,22,18,32,31,,215,
8,20161204,112,25,25,25,37,
9,20161204,125,19,30,25,32,19,245,
24,20161204,120,29,23,32,22,14
13,20161204,84,22,25,23,14,,212,
28,20161204,128,32,30,24,42,
5,20161204,107,22,23,29,33,,213,
16,20161204,106,30,23,21,32,
29,20161204,100,25,37,20,18,,203,
20,20161204,103,25,29,28,21,
0,20161204,82,18,27,21,16,,189,
18,20161204,107,29,28,25,25,
17,20161204,98,21,26,16,35,,203,
26,20161204,105,24,25,33,23,
4,20161204,92,29,20,22,21,,191,
14,20161204,99,21,34,18,26,
25,20161204,109,30,27,27,25,,247,
19,20161204,138,37,29,42,30,
22,20161205,98,23,35,20,20,,190,
12,20161205,92,27,23,23,19,
7,20161205,92,26,15,25,26,,193,
27,20161205,101,29,20,29,23,
21,20161205,98,21,20,36,21,,204,
6,20161205,106,26,29,26,25,
1,20161205,111,17,31,35,28,,213,
10,20161205,102,28,24,17,33,
17,20161206,106,18,33,23,32,,204,
16,20161206,98,27,26,17,28,
23,20161206,116,30,32,28,26,,228,
28,20161206,112,27,34,20,31,
3,20161206,118,29,22,32,35,,231,
2,20161206,113,32,34,15,32,
27,20161206,102,23,32,28,19,,201,
13,20161206,99,21,33,15,30,
14,20161206,112,29,36,21,26,,222,
0,20161206,110,32,25,30,23,
20,20161206,110,17,27,30,20,16,218,
7,20161206,108,21,25,23,25,14
15,20161206,97,26,9,36,26,,193,
8,20161206,96,24,24,25,23,
5,20161206,106,17,31,35,23,,213,
11,20161206,107,26,32,19,30,
24,20161206,109,23,25,27,34,,210,
18,20161206,101,23,27,28,23,
26,20161206,107,26,31,32,18,,208,
29,20161206,101,26,27,21,27,
1,20161206,106,27,23,33,23,,248,
19,20161206,142,38,42,36,26,
22,20161207,124,25,40,31,28,,240,
3,20161207,116,24,28,29,35,
6,20161207,114,26,27,31,30,,217,
4,20161207,103,25,29,23,26,
0,20161207,91,21,23,28,19,,193,
12,20161207,102,32,19,20,31,
15,20161207,105,19,24,29,33,,196,
9,20161207,91,22,24,18,27,
16,20161207,91,20,23,34,14,,187,
20,20161207,96,28,19,29,20,
25,20161207,105,19,26,30,30,,217,
26,20161207,112,33,32,29,18,
12,20161208,77,24,15,19,19,,164,
24,20161208,87,23,15,23,26,
5,20161208,117,26,23,36,32,,204,
22,20161208,87,27,23,23,14,
4,20161208,95,25,21,17,32,,198,
13,20161208,103,29,24,25,25,
17,20161208,111,23,29,27,32,,227,
2,20161208,116,36,32,28,20,
29,20161208,95,27,28,22,18,,229,
11,20161208,134,43,24,39,28,
23,20161208,126,36,27,29,34,,220,
6,20161208,94,26,22,17,29,
14,20161208,107,28,30,18,31,,222,
8,20161208,115,28,23,34,30,
21,20161208,120,26,30,29,35,,209,
18,20161208,89,23,29,12,25,
1,20161208,109,23,26,33,27,,203,
25,20161208,94,22,31,27,14,
19,20161208,115,37,25,29,24,,213,
10,20161208,98,19,30,26,23,
17,20161209,85,29,23,21,12,,177,
3,20161209,92,18,29,28,17,
9,20161209,110,32,27,30,21,,234,
28,20161209,124,22,37,29,36,
14,20161209,86,22,28,19,17,,174,
20,20161209,88,14,29,18,27,
16,20161209,99,26,26,19,28,,187,
7,20161209,88,31,26,12,19,
19,20161209,106,35,30,17,24,,205,
26,20161209,99,17,29,24,29,
15,20161209,91,17,15,31,28,,186,
0,20161209,95,21,24,27,23,
22,20161210,88,21,25,24,18,,197,
24,20161210,109,20,32,39,18,
4,20161210,84,27,19,23,15,,198,
23,20161210,114,31,26,30,27,
28,20161210,101,25,17,33,26,,195,
5,20161210,94,28,22,18,26,
12,20161210,117,25,24,33,35,,207,
9,20161210,90,20,23,25,22,
13,20161210,114,23,21,40,30,,224,
8,20161210,110,30,34,28,18,
11,20161210,102,25,30,31,16,,201,
27,20161210,99,23,26,28,22,
1,20161210,103,27,25,25,26,,214,
18,20161210,111,25,29,31,26,
6,20161210,103,30,24,24,25,,203,
21,20161210,100,32,21,24,23,
25,20161210,119,32,30,27,30,,234,
29,20161210,115,26,26,28,35,
17,20161211,121,32,33,27,29,,234,
22,20161211,113,29,29,37,18,
14,20161211,111,44,27,27,13,,229,
1,20161211,118,31,33,26,28,
8,20161211,105,32,20,25,28,,215,
3,20161211,110,23,29,25,33,
24,20161211,105,26,26,29,24,,221,
23,20161211,116,36,31,25,24,
18,20161211,87,27,22,20,18,,196,
11,20161211,109,36,24,26,23,
19,20161211,89,16,22,27,24,,199,
20,20161211,110,31,30,26,23,
4,20161211,100,27,28,20,25,,205,
0,20161211,105,29,26,28,22,
2,20161211,101,26,26,18,31,,231,
15,20161211,130,41,26,36,27,
21,20161211,84,25,25,26,8,,188,
26,20161211,104,29,23,26,26,
7,20161211,105,31,24,25,25,,238,
10,20161211,133,35,26,37,35,
16,20161212,97,32,26,22,17,,176,
12,20161212,79,12,23,29,15,
5,20161212,96,24,19,28,25,,195,
27,20161212,99,21,18,28,32,
19,20161212,116,30,30,18,38,,224,
9,20161212,108,27,31,30,20,
7,20161212,120,25,26,25,34,10,239,
25,20161212,119,31,27,24,28,9
6,20161212,118,32,25,27,34,,230,
29,20161212,112,30,26,19,37,
24,20161213,94,20,23,30,21,,204,
1,20161213,110,25,20,31,34,
3,20161213,101,29,24,29,19,,213,
4,20161213,112,28,31,22,31,
8,20161213,100,23,26,33,18,,222,
28,20161213,122,33,36,23,30,
2,20161213,118,24,19,42,33,,240,
11,20161213,122,29,24,37,32,
17,20161213,92,19,24,24,25,,204,
18,20161213,112,27,38,27,20,
14,20161213,120,27,33,26,34,,241,
10,20161213,121,38,18,33,32,
29,20161213,92,24,34,13,21,,208,
21,20161213,116,31,18,39,28,
20,20161214,86,20,23,15,28,,189,
23,20161214,103,32,26,15,30,
22,20161214,131,35,37,27,32,,251,
13,20161214,120,34,28,34,24,
19,20161214,113,29,29,37,18,,222,
7,20161214,109,35,30,29,15,
9,20161214,99,22,30,26,21,,193,
0,20161214,94,38,18,19,19,
6,20161214,111,25,21,27,28,10,224,
25,20161214,113,31,23,31,16,12
27,20161214,95,31,21,19,24,,209,
14,20161214,114,32,36,24,22,
28,20161215,123,22,38,32,31,,237,
16,20161215,114,25,29,20,40,
24,20161215,106,30,24,23,29,,215,
3,20161215,109,26,23,38,22,
1,20161215,89,21,31,27,10,,184,
4,20161215,95,20,33,25,17,
10,20161215,113,30,30,27,26,,221,
22,20161215,108,25,26,36,21,
29,20161215,97,30,13,33,21,,204,
2,20161215,107,27,25,23,32,
23,20161215,85,16,20,17,32,,178,
20,20161215,93,28,19,27,19,
21,20161215,98,25,18,24,31,,230,
11,20161215,132,36,28,38,30,
12,20161215,95,17,26,17,35,,180,
18,20161215,85,20,23,21,21,
27,20161215,89,21,20,27,21,,198,
26,20161215,109,26,29,25,29,
5,20161215,101,23,24,26,28,,209,
15,20161215,108,32,24,21,31,
1,20161216,95,20,30,24,21,,197,
7,20161216,102,24,22,25,31,
0,20161216,97,18,27,21,31,,205,
8,20161216,108,30,34,24,20,
14,20161216,120,28,28,29,35,,252,
17,20161216,132,38,36,26,32,
15,20161216,107,23,28,23,33,,199,
25,20161216,92,20,23,28,21,
6,20161216,90,25,20,21,24,,193,
19,20161216,103,32,27,29,15,
2,20161217,111,28,24,30,29,,229,
22,20161217,118,25,28,30,35,
12,20161217,108,27,27,23,31,,230,
3,20161217,122,27,38,30,27,
13,20161217,125,35,34,26,30,,246,
28,20161217,121,27,25,30,39,
24,20161217,88,22,28,19,19,,184,
5,20161217,96,23,18,28,27,
21,20161217,96,24,28,24,20,,188,
20,20161217,92,19,23,23,27,
10,20161217,102,31,29,19,23,,200,
4,20161217,98,27,19,23,29,
29,20161217,100,30,23,21,26,,189,
16,20161217,89,18,22,24,25,
7,20161217,100,24,26,29,21,,222,
11,20161217,122,35,37,25,25,
8,20161217,95,34,22,18,21,,164,
0,20161217,69,15,22,15,17,
18,20161217,100,29,29,19,23,,203,
26,20161217,103,33,31,26,13,
25,20161218,101,20,19,30,32,,215,
27,20161218,114,30,24,35,25,
1,20161218,105,27,28,28,22,,195,
12,20161218,90,26,18,25,21,
29,20161218,108,31,28,24,25,,227,
23,20161218,119,26,36,27,30,
24,20161218,107,22,31,27,27,,206,
13,20161218,99,22,20,32,25,
11,20161218,111,28,16,23,28,16,220,
9,20161218,109,24,33,23,15,14
6,20161218,114,22,32,26,34,,241,
17,20161218,127,33,29,34,31,
14,20161218,90,21,24,27,18,,225,
19,20161218,135,39,31,38,27,
10,20161219,110,27,28,32,23,,227,
3,20161219,117,28,24,33,32,
21,20161219,79,21,23,14,21,,178,
18,20161219,99,28,27,21,23,
26,20161219,82,18,16,27,21,,155,
20,20161219,73,18,17,23,15,
5,20161219,105,37,21,19,28,,200,
4,20161219,95,19,22,30,24,
2,20161219,107,32,25,29,21,,215,
16,20161219,108,30,24,29,25,
28,20161219,109,23,32,29,25,,188,
22,20161219,79,30,21,13,15,
7,20161219,100,26,23,22,29,,213,
15,20161219,113,30,31,31,21,
3,20161220,105,36,21,22,26,,212,
1,20161220,107,29,28,31,19,
25,20161220,108,23,31,33,21,,223,
9,20161220,115,29,33,29,24,
12,20161220,82,19,15,29,19,,195,
0,20161220,113,35,34,28,16,
13,20161220,110,22,26,33,29,,218,
27,20161220,108,16,37,25,30,
18,20161220,107,31,27,27,22,,224,
17,20161220,117,28,32,33,24,
7,20161221,108,15,42,27,24,,201,
16,20161221,93,23,21,25,24,
29,20161221,113,41,32,23,17,,230,
24,20161221,117,35,24,35,23,
2,20161221,104,23,23,26,32,,220,
28,20161221,116,29,35,27,25,
1,20161221,111,24,35,28,24,,229,
6,20161221,118,20,34,30,34,
22,20161221,136,27,30,28,24,27,266,
4,20161221,130,28,36,25,20,21
23,20161221,114,35,22,27,16,14,222,
8,20161221,108,27,26,25,22,8
15,20161221,102,26,26,19,31,,202,
11,20161221,100,24,21,33,22,
5,20161221,112,15,16,31,35,15,221,
20,20161221,109,22,23,26,26,12
26,20161221,74,15,18,21,20,,178,
19,20161221,104,19,36,27,22,
17,20161221,102,26,27,19,30,,221,
10,20161221,119,36,32,27,24,
14,20161221,121,35,37,27,22,,247,
21,20161221,126,27,33,33,33,
8,20161222,102,22,32,23,25,,215,
23,20161222,113,31,28,33,21,
9,20161222,92,28,21,18,25,,176,
13,20161222,84,26,18,25,15,
20,20161222,98,29,24,26,19,,184,
12,20161222,86,19,25,19,23,
3,20161222,107,22,33,22,30,,204,
0,20161222,97,33,23,21,20,
27,20161222,121,34,29,24,34,,231,
7,20161222,110,28,30,26,26,
21,20161222,94,17,21,24,32,,187,
26,20161222,93,24,24,25,20,
11,20161222,125,30,31,30,34,,236,
25,20161222,111,26,29,29,27,
18,20161222,96,30,32,19,15,,191,
14,20161222,95,20,18,33,24,
5,20161223,109,22,29,26,32,,211,
1,20161223,102,31,9,27,35,
22,20161223,95,19,28,25,23,,201,
6,20161223,106,27,30,24,25,
19,20161223,117,33,16,39,29,,218,
2,20161223,101,34,31,19,17,
29,20161223,107,25,35,20,27,,222,
4,20161223,115,17,36,29,33,
15,20161223,101,22,23,28,28,,207,
10,20161223,106,27,30,24,25,
0,20161224,91,26,14,27,24,,194,
24,20161224,103,22,26,27,28,
29,20161224,90,14,26,29,21,,199,
22,20161224,109,30,27,29,23,
19,20161224,119,33,24,31,31,,232,
12,20161224,113,32,27,25,29,
2,20161224,99,15,25,17,42,,218,
23,20161224,119,29,37,32,21,
27,20161224,117,25,33,30,29,,229,
5,20161224,112,28,26,25,33,
3,20161224,96,29,29,20,18,,219,
8,20161224,123,37,36,27,23,
11,20161224,109,31,18,26,34,,224,
20,20161224,115,25,29,23,38,
4,20161224,87,28,21,19,19,,178,
7,20161224,91,25,19,20,27,
21,20161224,109,25,26,27,31,,214,
9,20161224,105,26,29,30,20,
16,20161224,116,31,35,19,31,,239,
25,20161224,123,24,29,28,42,
28,20161224,104,28,28,16,32,,202,
26,20161224,98,29,22,23,24,
13,20161224,109,29,22,31,27,,217,
17,20161224,108,29,26,27,26,
15,20161224,108,27,30,30,21,,198,
14,20161224,90,27,18,27,18,
18,20161224,90,21,29,18,22,,178,
10,20161224,88,24,27,21,16,
5,20161226,119,22,34,32,31,,233,
6,20161226,114,28,20,34,32,
19,20161226,108,27,28,32,21,,217,
23,20161226,109,25,27,28,29,
0,20161226,100,25,25,26,24,,219,
15,20161226,119,36,19,32,32,
9,20161226,100,27,26,22,25,,212,
27,20161226,112,23,34,29,26,
10,20161226,102,31,27,16,28,,213,
29,20161226,111,27,28,34,22,
8,20161227,102,27,30,27,18,,209,
3,20161227,107,28,25,29,25,
20,20161227,102,18,25,28,31,,214,
22,20161227,112,36,32,28,16,
23,20161227,90,19,25,20,26,,196,
12,20161227,106,22,28,26,30,
24,20161227,118,40,23,25,30,,238,
2,20161227,120,31,23,29,37,
1,20161227,85,19,22,20,24,,175,
0,20161227,90,28,23,12,27,
18,20161227,104,20,33,24,27,,215,
7,20161227,111,25,30,30,26,
13,20161227,90,25,20,20,25,,194,
9,20161227,104,23,31,35,15,
25,20161227,115,23,20,37,35,,246,
11,20161227,131,39,30,38,24,
28,20161227,95,21,22,30,22,,186,
14,20161227,91,24,18,26,23,
16,20161227,100,23,24,30,23,,202,
21,20161227,102,24,27,19,32,
17,20161227,106,23,40,16,27,,208,
10,20161227,102,23,23,31,25,
27,20161228,106,33,28,26,19,,200,
4,20161228,94,19,29,21,25,
20,20161228,103,24,24,29,26,,216,
5,20161228,113,28,28,28,29,
11,20161228,123,31,35,32,25,,230,
18,20161228,107,31,16,27,33,
26,20161228,102,28,20,24,30,,202,
29,20161228,100,25,27,22,26,
1,20161229,105,25,23,26,31,,216,
3,20161229,111,23,35,27,26,
24,20161229,120,32,30,35,23,,221,
22,20161229,101,28,27,13,33,
6,20161229,98,25,22,19,19,13,200,
13,20161229,102,22,23,20,20,17
8,20161229,119,31,31,28,29,,213,
12,20161229,94,28,26,21,19,
10,20161229,98,27,29,21,21,,200,
7,20161229,102,19,30,27,26,
2,20161229,99,20,29,29,21,,200,
0,20161229,101,23,23,30,25,
25,20161229,98,27,37,18,16,,217,
15,20161229,119,30,28,31,30,
9,20161229,103,31,18,24,30,,208,
17,20161229,105,22,27,32,24,
21,20161229,89,21,23,19,26,,191,
14,20161229,102,30,30,15,27,
28,20161229,111,17,38,32,24,,232,
19,20161229,121,42,30,32,17,
4,20161230,82,19,30,17,16,,173,
24,20161230,91,21,21,31,18,
5,20161230,118,25,34,24,35,,242,
23,20161230,124,32,34,35,23,
27,20161230,80,21,18,22,19,,194,
20,20161230,114,27,28,23,36,
16,20161230,83,24,27,23,9,,183,
26,20161230,100,22,27,21,30,
28,20161230,91,18,22,22,29,,190,
25,20161230,99,16,26,34,23,
18,20161230,101,26,24,31,20,,190,
29,20161230,89,27,30,13,19,
0,20161231,101,22,28,23,28,,212,
1,20161231,111,28,34,22,27,
2,20161231,95,23,27,27,18,,213,
3,20161231,118,31,35,25,27,
4,20161231,114,25,23,30,36,,231,
5,20161231,117,25,27,30,35,
6,20161231,92,21,30,18,23,,196,
7,20161231,104,31,24,24,25,
8,20161231,99,21,27,23,28,,215,
9,20161231,116,34,21,30,31,
10,20161231,116,23,34,41,18,,256,
11,20161231,140,37,37,34,32,
12,20161231,98,19,22,21,36,,203,
13,20161231,105,19,32,23,31,
14,20161231,94,32,20,21,21,,204,
15,20161231,110,22,25,33,30,
16,20161231,124,30,30,31,33,,246,
17,20161231,122,28,32,27,35,
18,20161231,99,29,19,21,30,,207,
19,20161231,108,29,30,32,17,
20,20170101,112,21,29,32,30,,210,
21,20170101,98,20,25,22,31,
8,20170101,116,22,27,31,36,,212,
0,20170101,96,27,24,25,20,
23,20170101,121,35,36,28,22,,230,
24,20170101,109,28,31,23,27,
25,20170101,86,29,22,20,15,,177,
26,20170101,91,29,26,21,15,
10,20170101,88,12,28,28,20,,202,
27,20170101,114,33,36,27,18,
6,20170101,122,32,23,37,30,,251,
11,20170101,129,27,42,30,30,
22,20170102,104,17,34,22,31,,221,
1,20170102,117,27,35,27,28,
15,20170102,112,27,19,28,26,12,226,
13,20170102,114,25,19,25,31,14
12,20170102,107,33,25,27,22,,205,
4,20170102,98,37,29,15,17,
14,20170102,95,24,13,32,26,,184,
9,20170102,89,23,26,15,25,
28,20170102,123,27,31,27,38,,237,
29,20170102,114,33,24,26,31,
27,20170103,94,30,26,16,22,,192,
8,20170103,98,22,28,29,19,
7,20170103,82,22,21,26,13,,172,
23,20170103,90,15,29,23,23,
26,20170103,101,24,26,20,31,,190,
2,20170103,89,26,26,18,19,
22,20170103,115,33,34,25,23,,218,
6,20170103,103,32,27,21,23,
24,20170103,111,23,34,28,26,,229,
0,20170103,118,25,33,24,36,
3,20170103,91,29,24,17,21,,192,
11,20170103,101,14,27,37,23,
25,20170103,98,26,32,18,22,,207,
10,20170103,109,27,37,25,20,
17,20170103,119,33,31,21,34,,246,
19,20170103,127,35,33,26,33,
9,20170104,91,16,26,26,23,,184,
16,20170104,93,29,28,22,14,
1,20170104,121,36,30,26,29,,237,
12,20170104,116,28,32,32,24,
26,20170104,104,29,16,29,30,,219,
5,20170104,115,28,26,31,30,
3,20170104,105,29,38,21,17,,218,
18,20170104,113,28,33,26,26,
28,20170104,82,18,23,17,24,,192,
15,20170104,110,29,31,28,22,
21,20170104,120,29,31,34,26,,233,
17,20170104,113,28,23,37,25,
4,20170104,90,29,23,14,24,,189,
25,20170104,99,28,28,27,16,
20,20170104,102,20,28,29,25,,218,
29,20170104,116,22,35,34,25,
27,20170105,112,22,33,33,24,,235,
24,20170105,123,27,33,27,36,
13,20170105,111,23,29,26,33,,203,
22,20170105,92,26,21,18,27,
8,20170105,105,27,25,21,32,,209,
6,20170105,104,25,27,35,17,
0,20170105,106,16,36,31,23,,200,
23,20170105,94,23,23,28,20,
14,20170105,117,34,37,21,25,,242,
19,20170105,125,40,29,30,26,
4,20170105,107,30,34,23,20,,209,
21,20170105,102,25,34,22,21,
20,20170105,106,29,34,22,21,,221,
10,20170105,115,30,23,36,26,
2,20170106,109,27,25,32,25,,230,
1,20170106,121,34,25,38,24,
26,20170106,93,27,25,21,20,,194,
28,20170106,101,18,30,23,30,
24,20170106,114,26,22,22,44,,229,
12,20170106,115,37,21,27,30,
13,20170106,99,23,19,33,24,,193,
7,20170106,94,28,19,25,22,
27,20170106,116,38,18,27,33,,234,
11,20170106,118,33,34,30,21,
25,20170106,102,19,22,29,32,,197,
18,20170106,95,22,23,27,23,
15,20170106,127,29,29,32,37,,226,
17,20170106,99,33,20,24,22,
29,20170106,109,24,38,22,25,,227,
14,20170106,118,29,24,31,34,
11,20170107,100,19,25,35,21,,193,
22,20170107,93,22,30,23,18,
9,20170107,105,29,19,37,20,,217,
3,20170107,112,32,24,24,32,
23,20170107,116,24,26,36,30,,224,
2,20170107,108,20,19,29,40,
16,20170107,106,23,39,18,26,,216,
5,20170107,110,25,26,27,32,
6,20170107,116,32,21,30,33,,227,
8,20170107,111,33,32,31,15,
10,20170107,106,19,34,22,31,,204,
21,20170107,98,29,12,32,25,
20,20170107,128,27,28,24,32,17,247,
19,20170107,119,34,33,31,13,8
4,20170107,100,23,33,23,21,,227,
29,20170107,127,32,26,32,37,
6,20170108,109,29,14,27,39,,232,
1,20170108,123,33,29,34,27,
7,20170108,108,31,22,20,35,,225,
5,20170108,117,28,29,36,24,
28,20170108,118,28,33,25,21,11,241,
0,20170108,123,29,19,26,33,16
26,20170108,94,25,22,22,25,,186,
9,20170108,92,24,24,32,12,
17,20170108,106,22,38,20,26,,227,
27,20170108,121,24,36,28,33,
13,20170108,97,22,23,21,31,,179,
18,20170108,82,20,22,17,23,
24,20170108,85,24,26,14,21,,187,
15,20170108,102,24,23,26,29,
12,20170108,,,,,,,0,
14,20170108,,,,,,
16,20170109,105,24,22,32,27,,200,
2,20170109,95,27,30,16,22,
3,20170109,107,24,25,33,25,,208,
8,20170109,101,31,26,21,23,
4,20170109,86,19,20,27,20,,184,
10,20170109,98,20,32,28,18,
11,20170109,129,27,34,34,34,,251,
28,20170109,122,37,26,36,23,
26,20170109,79,18,17,16,28,,167,
20,20170109,88,19,23,21,25,
23,20170109,120,41,28,24,27,,236,
25,20170109,116,28,25,37,26,
12,20170109,125,31,22,27,26,19,249,
14,20170109,124,30,26,31,19,18
19,20170109,117,24,27,39,27,,223,
21,20170109,106,33,25,22,26,
22,20170109,95,34,26,9,26,,206,
29,20170109,111,40,22,19,30,
7,20170110,110,29,31,31,19,,206,
6,20170110,96,26,25,15,30,
27,20170110,109,26,35,28,20,,203,
0,20170110,94,20,26,21,27,
18,20170110,92,19,27,24,22,,193,
9,20170110,101,33,21,23,24,
